candidate,population,pattern,attack_count,attacks_tried,excluded,witness_direction,witness_phase,witness_lane,witness_settled_generation,witness_period
sl6x6_000,4,"[[0,0],[0,1],[1,0],[1,1]]",160,1,True,SE,0,-5,73,1
sl6x6_001,4,"[[0,1],[1,0],[1,2],[2,1]]",160,1,True,SE,0,-5,59,1
sl6x6_002,5,"[[0,0],[0,1],[1,0],[1,2],[2,1]]",168,1,True,SE,0,-5,62,1
sl6x6_003,6,"[[0,0],[0,1],[0,3],[1,0],[1,2],[1,3]]",192,1,True,SE,0,-5,56,1
sl6x6_004,6,"[[0,0],[0,1],[1,0],[1,2],[2,1],[2,2]]",176,1,True,SE,0,-5,205,1
sl6x6_005,6,"[[0,0],[0,1],[1,0],[1,3],[2,2],[2,3]]",192,1,True,SE,0,-5,56,1
sl6x6_006,6,"[[0,1],[0,2],[1,0],[1,3],[2,1],[2,2]]",176,1,True,SE,0,-5,57,1
sl6x6_007,6,"[[0,1],[1,0],[1,2],[2,1],[2,3],[3,2]]",176,1,True,SE,0,-5,100,1
sl6x6_008,7,"[[0,0],[0,1],[1,0],[1,2],[1,4],[2,3],[2,4]]",208,1,True,SE,0,-5,56,1
sl6x6_009,7,"[[0,0],[0,1],[1,0],[1,2],[2,1],[2,3],[3,2]]",184,1,True,SE,0,-5,74,2
sl6x6_010,7,"[[0,0],[0,1],[1,0],[1,2],[2,2],[3,2],[3,3]]",192,1,True,SE,0,-5,468,2
sl6x6_011,7,"[[0,1],[0,2],[1,0],[1,3],[2,0],[2,2],[3,1]]",184,1,True,SE,0,-6,165,1
sl6x6_012,8,"[[0,0],[0,1],[0,3],[0,4],[1,0],[1,1],[1,3],[1,4]]",208,3,True,SE,0,-3,76,1
sl6x6_013,8,"[[0,0],[0,1],[0,4],[0,5],[1,0],[1,1],[1,4],[1,5]]",224,1,True,SE,0,-5,81,1
sl6x6_014,8,"[[0,0],[0,1],[1,0],[1,1],[1,4],[1,5],[2,4],[2,5]]",224,1,True,SE,0,-5,81,1
sl6x6_015,8,"[[0,0],[0,1],[1,0],[1,1],[2,4],[2,5],[3,4],[3,5]]",224,1,True,SE,0,-5,98,1
sl6x6_016,8,"[[0,0],[0,1],[1,0],[1,1],[2,4],[3,3],[3,5],[4,4]]",216,3,True,SE,0,-3,70,1
sl6x6_017,8,"[[0,0],[0,1],[1,0],[1,1],[3,3],[3,4],[4,3],[4,4]]",208,1,True,SE,0,-5,98,1
sl6x6_018,8,"[[0,0],[0,1],[1,0],[1,1],[3,4],[3,5],[4,4],[4,5]]",224,1,True,SE,0,-5,73,1
sl6x6_019,8,"[[0,0],[0,1],[1,0],[1,1],[3,4],[4,3],[4,5],[5,4]]",216,2,True,SE,0,-4,199,2
sl6x6_020,8,"[[0,0],[0,1],[1,0],[1,1],[4,4],[4,5],[5,4],[5,5]]",224,1,True,SE,0,-5,86,1
sl6x6_021,8,"[[0,0],[0,1],[1,0],[1,2],[2,1],[2,3],[3,2],[3,3]]",192,3,True,SE,0,-3,52,1
sl6x6_022,8,"[[0,0],[0,1],[1,0],[1,2],[2,2],[3,1],[4,1],[4,2]]",208,1,True,SE,0,-7,105,1
sl6x6_023,8,"[[0,0],[0,1],[1,0],[1,2],[2,3],[2,5],[3,4],[3,5]]",224,1,True,SE,0,-5,57,1
sl6x6_024,8,"[[0,0],[0,1],[1,0],[1,2],[2,3],[3,4],[4,3],[4,4]]",208,1,True,SE,0,-5,57,1
sl6x6_025,8,"[[0,0],[0,1],[1,1],[2,0],[3,1],[3,2],[3,3],[4,3]]",208,1,True,SE,0,-6,68,1
sl6x6_026,8,"[[0,0],[0,1],[1,1],[2,1],[2,3],[3,2],[3,4],[4,3]]",200,1,True,SE,0,-5,65,1
sl6x6_027,8,"[[0,1],[0,2],[1,0],[1,3],[2,0],[2,3],[3,1],[3,2]]",192,1,True,SE,0,-6,346,2
sl6x6_028,8,"[[0,1],[0,2],[1,0],[1,3],[2,1],[2,4],[3,2],[3,3]]",192,1,True,SE,0,-5,57,1
sl6x6_029,8,"[[0,1],[1,0],[1,2],[2,1],[2,3],[3,2],[3,4],[4,3]]",192,1,True,SE,0,-5,66,1
sl6x6_030,8,"[[0,1],[1,0],[1,2],[2,1],[3,4],[4,3],[4,5],[5,4]]",208,1,True,SE,0,-5,59,1
sl6x6_031,9,"[[0,0],[0,1],[0,3],[0,4],[1,0],[1,1],[1,3],[1,5],[2,4]]",216,3,True,SE,0,-3,55,1
sl6x6_032,9,"[[0,0],[0,1],[0,3],[0,4],[1,1],[1,3],[2,1],[2,3],[3,2]]",208,2,True,SE,0,-4,185,2
sl6x6_033,9,"[[0,0],[0,1],[0,4],[0,5],[1,0],[1,2],[1,5],[2,3],[2,4]]",224,1,True,SE,0,-5,56,1
sl6x6_034,9,"[[0,0],[0,1],[1,0],[1,1],[2,4],[2,5],[3,3],[3,5],[4,4]]",224,1,True,SE,0,-5,96,2
sl6x6_035,9,"[[0,0],[0,1],[1,0],[1,1],[2,4],[3,3],[3,5],[4,3],[4,4]]",216,3,True,SE,0,-3,70,1
sl6x6_036,9,"[[0,0],[0,1],[1,0],[1,1],[2,4],[3,3],[3,5],[4,4],[4,5]]",224,3,True,SE,0,-3,70,1
sl6x6_037,9,"[[0,0],[0,1],[1,0],[1,1],[3,3],[3,4],[4,3],[4,5],[5,4]]",216,1,True,SE,0,-5,99,2
sl6x6_038,9,"[[0,0],[0,1],[1,0],[1,1],[3,4],[3,5],[4,3],[4,5],[5,4]]",224,3,True,SE,0,-3,70,1
sl6x6_039,9,"[[0,0],[0,1],[1,0],[1,1],[3,4],[4,3],[4,5],[5,4],[5,5]]",224,1,True,SE,0,-5,101,1
sl6x6_040,9,"[[0,0],[0,1],[1,0],[1,2],[2,1],[2,3],[3,2],[3,4],[4,3]]",200,3,True,SE,0,-3,53,2
sl6x6_041,9,"[[0,0],[0,1],[1,0],[1,2],[2,1],[2,3],[3,3],[4,3],[4,4]]",208,1,True,SE,0,-5,64,2
sl6x6_042,9,"[[0,0],[0,1],[1,0],[1,2],[2,1],[3,4],[4,3],[4,5],[5,4]]",216,1,True,SE,0,-5,62,1
sl6x6_043,9,"[[0,0],[0,1],[1,0],[1,2],[2,2],[3,2],[3,4],[4,3],[4,4]]",208,1,True,SE,0,-5,254,2
sl6x6_044,9,"[[0,0],[0,1],[1,0],[1,2],[2,3],[3,4],[4,5],[5,4],[5,5]]",224,1,True,SE,0,-5,58,1
sl6x6_045,9,"[[0,0],[0,1],[1,1],[1,4],[1,5],[2,1],[2,3],[2,5],[3,2]]",224,1,True,SE,0,-5,61,1
sl6x6_046,9,"[[0,0],[0,1],[1,1],[2,0],[3,0],[3,2],[4,1],[4,3],[5,2]]",216,2,True,SE,0,-6,63,1
sl6x6_047,9,"[[0,0],[0,1],[1,1],[2,1],[2,3],[2,4],[3,2],[3,4],[4,3]]",208,2,True,SE,0,-4,59,1
sl6x6_048,9,"[[0,1],[0,2],[1,0],[1,2],[2,1],[3,4],[4,3],[4,5],[5,4]]",216,1,True,SE,0,-5,58,1
sl6x6_049,10,"[[0,0],[0,1],[0,3],[0,4],[1,0],[1,1],[1,3],[1,5],[2,4],[2,5]]",224,2,True,SE,0,-4,243,2
sl6x6_050,10,"[[0,0],[0,1],[0,3],[0,4],[1,0],[1,1],[1,3],[2,3],[3,3],[3,4]]",224,2,True,SE,0,-4,226,2
sl6x6_051,10,"[[0,0],[0,1],[0,3],[0,4],[1,0],[1,1],[1,3],[2,5],[3,4],[3,5]]",232,1,True,SE,0,-5,100,2
sl6x6_052,10,"[[0,0],[0,1],[0,3],[0,4],[1,1],[1,3],[2,0],[2,3],[3,1],[3,2]]",216,1,True,SE,0,-6,105,2
sl6x6_053,10,"[[0,0],[0,1],[0,3],[1,0],[1,2],[1,3],[4,0],[4,1],[5,0],[5,1]]",240,2,True,SE,0,-8,242,2
sl6x6_054,10,"[[0,0],[0,1],[0,3],[1,0],[1,2],[1,3],[4,1],[4,2],[5,1],[5,2]]",240,1,True,SE,0,-8,113,2
sl6x6_055,10,"[[0,0],[0,1],[0,3],[1,0],[1,2],[1,3],[4,2],[4,3],[5,2],[5,3]]",240,2,True,SE,0,-6,61,1
sl6x6_056,10,"[[0,0],[0,1],[0,3],[1,0],[1,2],[1,3],[4,3],[4,4],[5,3],[5,4]]",240,1,True,SE,0,-6,61,1
sl6x6_057,10,"[[0,0],[0,1],[0,3],[1,0],[1,2],[1,3],[4,4],[4,5],[5,4],[5,5]]",240,1,True,SE,0,-5,56,1
sl6x6_058,10,"[[0,0],[0,1],[1,0],[1,1],[1,4],[1,5],[2,5],[3,3],[4,3],[4,4]]",232,3,True,SE,0,-3,70,1
sl6x6_059,10,"[[0,0],[0,1],[1,0],[1,1],[1,4],[1,5],[2,5],[3,4],[4,4],[4,5]]",240,1,True,SE,0,-5,396,1
sl6x6_060,10,"[[0,0],[0,1],[1,0],[1,1],[2,4],[2,5],[3,3],[3,5],[4,3],[4,4]]",224,1,True,SE,0,-5,93,1
sl6x6_061,10,"[[0,0],[0,1],[1,0],[1,1],[2,4],[2,5],[3,5],[4,3],[5,3],[5,4]]",240,1,True,SE,0,-6,62,1
sl6x6_062,10,"[[0,0],[0,1],[1,0],[1,1],[2,4],[2,5],[3,5],[4,4],[5,4],[5,5]]",240,1,True,SE,0,-5,75,1
sl6x6_063,10,"[[0,0],[0,1],[1,0],[1,1],[2,4],[3,3],[3,5],[4,2],[4,4],[5,3]]",224,1,True,SE,0,-6,62,1
sl6x6_064,10,"[[0,0],[0,1],[1,0],[1,1],[2,4],[3,3],[3,5],[4,3],[4,5],[5,4]]",224,3,True,SE,0,-3,70,1
sl6x6_065,10,"[[0,0],[0,1],[1,0],[1,1],[3,3],[3,4],[4,3],[4,5],[5,4],[5,5]]",224,1,True,SE,0,-5,98,1
sl6x6_066,10,"[[0,0],[0,1],[1,0],[1,1],[3,4],[3,5],[4,3],[4,5],[5,3],[5,4]]",232,1,True,SE,0,-6,62,1
sl6x6_067,10,"[[0,0],[0,1],[1,0],[1,2],[2,1],[2,3],[3,2],[3,4],[4,3],[4,4]]",208,1,True,SE,0,-5,108,2
sl6x6_068,10,"[[0,0],[0,1],[1,0],[1,2],[2,1],[2,3],[3,3],[4,2],[5,2],[5,3]]",224,1,True,SE,0,-7,79,1
sl6x6_069,10,"[[0,0],[0,1],[1,0],[1,2],[2,1],[3,4],[3,5],[4,3],[4,5],[5,4]]",224,1,True,SE,0,-5,62,1
sl6x6_070,10,"[[0,0],[0,1],[1,0],[1,2],[2,1],[3,4],[4,3],[4,5],[5,4],[5,5]]",224,1,True,SE,0,-5,62,1
sl6x6_071,10,"[[0,0],[0,1],[1,0],[1,2],[2,2],[3,1],[4,1],[4,3],[5,2],[5,3]]",224,1,True,SE,0,-7,174,1
sl6x6_072,10,"[[0,0],[0,1],[1,0],[1,2],[2,2],[3,1],[4,2],[4,3],[4,4],[5,4]]",224,1,True,SE,0,-6,81,2
sl6x6_073,10,"[[0,0],[0,1],[1,0],[1,2],[2,2],[3,2],[3,4],[3,5],[4,3],[4,5]]",224,1,True,SE,0,-5,74,1
sl6x6_074,10,"[[0,0],[0,1],[1,0],[1,2],[2,2],[3,2],[3,4],[4,3],[4,5],[5,4]]",216,1,True,SE,0,-5,101,3
sl6x6_075,10,"[[0,0],[0,1],[1,0],[1,2],[2,3],[3,4],[4,1],[4,2],[4,3],[5,1]]",224,1,True,SE,0,-8,88,2
sl6x6_076,10,"[[0,0],[0,1],[1,0],[1,2],[2,3],[3,4],[4,2],[4,4],[5,2],[5,3]]",224,1,True,SE,0,-7,139,2
sl6x6_077,10,"[[0,0],[0,1],[1,1],[1,4],[2,1],[2,3],[2,5],[3,2],[3,4],[4,3]]",216,1,True,SE,0,-5,82,1
sl6x6_078,10,"[[0,0],[0,1],[1,1],[2,0],[3,0],[3,1],[3,4],[4,3],[4,5],[5,4]]",232,1,True,SE,0,-7,64,1
sl6x6_079,10,"[[0,0],[0,1],[1,1],[2,1],[2,3],[2,4],[3,2],[3,5],[4,3],[4,4]]",216,1,True,SE,0,-5,102,1
sl6x6_080,10,"[[0,0],[0,1],[1,1],[2,1],[2,3],[3,2],[3,4],[4,3],[4,5],[5,4]]",216,2,True,SE,0,-4,61,1
sl6x6_081,10,"[[0,0],[0,1],[1,1],[2,1],[2,3],[3,2],[3,4],[4,4],[5,4],[5,5]]",224,1,True,SE,0,-5,66,1
sl6x6_082,10,"[[0,1],[0,2],[1,0],[1,2],[2,0],[2,1],[3,4],[4,3],[4,5],[5,4]]",224,1,True,SE,0,-6,164,2
sl6x6_083,10,"[[0,1],[0,2],[1,0],[1,2],[2,1],[3,4],[3,5],[4,3],[4,5],[5,4]]",216,1,True,SE,0,-5,58,1
sl6x6_084,10,"[[0,1],[0,2],[1,0],[1,2],[2,1],[3,4],[4,3],[4,5],[5,3],[5,4]]",224,1,True,SE,0,-6,78,1
sl6x6_085,10,"[[0,1],[0,2],[1,0],[1,3],[2,0],[2,2],[2,4],[3,1],[3,3],[4,2]]",200,4,True,SE,0,-3,54,1
sl6x6_086,10,"[[0,1],[0,2],[1,0],[1,3],[2,1],[2,2],[4,1],[4,2],[5,1],[5,2]]",224,1,True,SE,0,-8,88,2
sl6x6_087,10,"[[0,1],[0,2],[1,2],[2,0],[3,0],[3,1],[3,4],[4,3],[4,5],[5,4]]",232,1,True,SE,0,-7,64,1
sl6x6_088,10,"[[0,1],[1,0],[1,2],[2,1],[2,2],[3,3],[3,4],[4,3],[4,5],[5,4]]",208,1,True,SE,0,-5,98,1
sl6x6_089,10,"[[0,1],[1,0],[1,2],[2,1],[2,3],[3,2],[3,4],[4,3],[4,5],[5,4]]",208,1,True,SE,0,-5,165,1
sl6x6_090,11,"[[0,0],[0,1],[0,3],[0,4],[1,0],[1,1],[1,3],[2,4],[3,5],[4,4],[4,5]]",240,1,True,SE,0,-5,100,2
sl6x6_091,11,"[[0,0],[0,1],[0,3],[0,4],[1,1],[1,3],[1,5],[2,1],[2,4],[3,0],[3,1]]",232,1,True,SE,0,-7,72,2
sl6x6_092,11,"[[0,0],[0,1],[0,3],[0,4],[1,1],[1,3],[1,5],[2,1],[2,4],[3,2],[3,3]]",216,2,True,SE,0,-4,67,1
sl6x6_093,11,"[[0,0],[0,1],[0,3],[0,4],[1,1],[1,3],[2,0],[2,3],[3,0],[3,2],[4,1]]",224,1,True,SE,0,-7,79,2
sl6x6_094,11,"[[0,0],[0,1],[0,4],[0,5],[1,0],[1,1],[1,5],[2,4],[3,3],[4,3],[4,4]]",240,2,True,SE,0,-4,348,2
sl6x6_095,11,"[[0,0],[0,1],[0,4],[0,5],[1,0],[1,2],[1,5],[2,2],[2,4],[3,2],[3,3]]",224,1,True,SE,0,-5,70,1
sl6x6_096,11,"[[0,0],[0,1],[1,0],[1,1],[1,4],[1,5],[2,5],[3,4],[4,3],[5,3],[5,4]]",248,1,True,SE,0,-6,62,1
sl6x6_097,11,"[[0,0],[0,1],[1,0],[1,1],[2,4],[2,5],[3,3],[3,5],[4,2],[4,4],[5,3]]",232,1,True,SE,0,-6,62,1
sl6x6_098,11,"[[0,0],[0,1],[1,0],[1,1],[2,4],[2,5],[3,3],[3,5],[4,3],[5,2],[5,3]]",240,2,True,SE,0,-6,62,1
sl6x6_099,11,"[[0,0],[0,1],[1,0],[1,1],[2,4],[2,5],[3,4],[4,2],[4,4],[5,2],[5,3]]",240,1,True,SE,0,-7,100,1
sl6x6_100,11,"[[0,0],[0,1],[1,0],[1,1],[2,4],[3,3],[3,5],[4,2],[4,5],[5,3],[5,4]]",232,1,True,SE,0,-6,62,1
sl6x6_101,11,"[[0,0],[0,1],[1,0],[1,2],[1,4],[1,5],[2,2],[2,4],[3,2],[3,4],[4,3]]",224,1,True,SE,0,-5,87,2
sl6x6_102,11,"[[0,0],[0,1],[1,0],[1,2],[2,1],[2,2],[3,3],[3,4],[4,3],[4,5],[5,4]]",216,1,True,SE,0,-5,67,1
sl6x6_103,11,"[[0,0],[0,1],[1,0],[1,2],[2,1],[2,3],[3,2],[3,4],[4,3],[4,5],[5,4]]",216,3,True,SE,0,-3,54,1
sl6x6_104,11,"[[0,0],[0,1],[1,0],[1,2],[2,1],[2,3],[3,2],[3,4],[4,4],[5,4],[5,5]]",224,2,True,SE,0,-4,243,2
sl6x6_105,11,"[[0,0],[0,1],[1,0],[1,2],[2,1],[2,3],[3,3],[4,3],[4,5],[5,4],[5,5]]",224,1,True,SE,0,-5,65,1
sl6x6_106,11,"[[0,0],[0,1],[1,0],[1,2],[2,1],[2,4],[2,5],[3,5],[4,3],[5,3],[5,4]]",240,1,True,SE,0,-6,72,2
sl6x6_107,11,"[[0,0],[0,1],[1,0],[1,2],[2,1],[2,4],[2,5],[3,5],[4,4],[5,4],[5,5]]",240,1,True,SE,0,-5,62,1
sl6x6_108,11,"[[0,0],[0,1],[1,0],[1,2],[2,1],[3,4],[3,5],[4,3],[4,5],[5,3],[5,4]]",232,1,True,SE,0,-6,72,1
sl6x6_109,11,"[[0,0],[0,1],[1,0],[1,2],[2,2],[3,2],[3,3],[3,4],[4,5],[5,4],[5,5]]",224,1,True,SE,0,-5,182,2
sl6x6_110,11,"[[0,0],[0,1],[1,0],[1,2],[2,2],[3,2],[3,4],[3,5],[4,3],[4,5],[5,4]]",224,2,True,SE,0,-4,69,1
sl6x6_111,11,"[[0,0],[0,1],[1,1],[1,4],[1,5],[2,1],[2,3],[2,5],[3,2],[3,4],[4,3]]",224,2,True,SE,0,-4,60,2
sl6x6_112,11,"[[0,0],[0,1],[1,1],[1,4],[2,1],[2,3],[2,5],[3,2],[3,5],[4,3],[4,4]]",224,1,True,SE,0,-5,69,2
sl6x6_113,11,"[[0,0],[0,1],[1,1],[2,0],[3,0],[3,1],[3,4],[3,5],[4,3],[4,5],[5,4]]",240,1,True,SE,0,-7,64,1
sl6x6_114,11,"[[0,0],[0,1],[1,1],[2,1],[2,3],[2,4],[3,0],[3,1],[3,3],[3,5],[4,4]]",232,2,True,SE,0,-6,62,1
sl6x6_115,11,"[[0,0],[0,1],[1,1],[2,1],[2,3],[2,4],[3,2],[3,5],[4,3],[4,5],[5,4]]",224,4,True,SE,0,-2,496,2
sl6x6_116,11,"[[0,1],[0,2],[1,0],[1,2],[2,0],[2,1],[3,4],[3,5],[4,3],[4,5],[5,4]]",224,1,True,SE,0,-6,179,2
sl6x6_117,11,"[[0,1],[0,2],[1,0],[1,2],[2,1],[3,4],[3,5],[4,2],[4,5],[5,2],[5,3]]",232,1,True,SE,0,-7,279,1
sl6x6_118,11,"[[0,1],[0,2],[1,0],[1,3],[2,0],[2,2],[2,4],[3,1],[3,4],[4,2],[4,3]]",208,1,True,SE,0,-6,103,2
sl6x6_119,12,"[[0,0],[0,1],[0,3],[0,4],[1,0],[1,1],[1,3],[1,4],[4,0],[4,1],[5,0],[5,1]]",248,2,True,SE,0,-8,142,1
sl6x6_120,12,"[[0,0],[0,1],[0,3],[0,4],[1,0],[1,1],[1,3],[1,4],[4,1],[4,2],[5,1],[5,2]]",248,2,True,SE,0,-7,131,2
sl6x6_121,12,"[[0,0],[0,1],[0,3],[0,4],[1,0],[1,1],[1,3],[1,4],[4,4],[4,5],[5,4],[5,5]]",248,1,True,SE,0,-5,83,1
sl6x6_122,12,"[[0,0],[0,1],[0,3],[0,4],[1,0],[1,1],[1,3],[1,5],[2,3],[2,5],[3,3],[3,4]]",224,1,True,SE,0,-5,128,2
sl6x6_123,12,"[[0,0],[0,1],[0,3],[0,4],[1,0],[1,1],[1,3],[1,5],[2,5],[3,4],[4,4],[4,5]]",240,1,True,SE,0,-5,126,2
sl6x6_124,12,"[[0,0],[0,1],[0,3],[0,4],[1,0],[1,1],[1,3],[2,3],[3,0],[3,1],[3,2],[4,0]]",232,1,True,SE,0,-8,77,2
sl6x6_125,12,"[[0,0],[0,1],[0,3],[0,4],[1,0],[1,1],[1,3],[2,3],[3,3],[3,5],[4,4],[4,5]]",240,4,True,SE,0,-2,86,1
sl6x6_126,12,"[[0,0],[0,1],[0,3],[0,4],[1,0],[1,4],[2,1],[2,3],[3,0],[3,1],[3,3],[3,4]]",240,1,True,SE,0,-7,97,2
sl6x6_127,12,"[[0,0],[0,1],[0,3],[0,4],[1,1],[1,3],[1,5],[2,1],[2,4],[2,5],[3,0],[3,1]]",240,1,True,SE,0,-7,69,2
sl6x6_128,12,"[[0,0],[0,1],[0,3],[0,4],[1,1],[1,3],[2,1],[2,3],[3,0],[3,1],[3,3],[3,4]]",240,1,True,SE,0,-7,75,1
sl6x6_129,12,"[[0,0],[0,1],[0,3],[0,4],[1,1],[1,3],[2,1],[2,5],[3,0],[3,1],[3,4],[3,5]]",248,1,True,SE,0,-7,73,1
sl6x6_130,12,"[[0,0],[0,1],[0,3],[1,0],[1,2],[1,3],[2,4],[2,5],[3,4],[4,5],[5,4],[5,5]]",240,1,True,SE,0,-5,63,1
sl6x6_131,12,"[[0,0],[0,1],[0,3],[1,0],[1,2],[1,3],[3,1],[3,2],[3,4],[4,1],[4,3],[4,4]]",240,1,True,SE,0,-7,351,1
sl6x6_132,12,"[[0,0],[0,1],[0,3],[1,0],[1,2],[1,3],[4,0],[4,1],[4,3],[5,0],[5,2],[5,3]]",256,1,True,SE,0,-9,106,2
sl6x6_133,12,"[[0,0],[0,1],[0,3],[1,0],[1,2],[1,3],[4,0],[4,2],[4,3],[5,0],[5,1],[5,3]]",256,1,True,SE,0,-9,72,1
sl6x6_134,12,"[[0,0],[0,1],[0,3],[1,0],[1,2],[1,3],[4,1],[4,2],[4,4],[5,1],[5,3],[5,4]]",256,1,True,SE,0,-8,196,1
sl6x6_135,12,"[[0,0],[0,1],[0,3],[1,0],[1,2],[1,3],[4,1],[4,3],[4,4],[5,1],[5,2],[5,4]]",256,1,True,SE,0,-8,72,1
sl6x6_136,12,"[[0,0],[0,1],[0,3],[1,0],[1,2],[1,3],[4,2],[4,3],[4,5],[5,2],[5,4],[5,5]]",256,2,True,SE,0,-6,61,1
sl6x6_137,12,"[[0,0],[0,1],[0,3],[1,0],[1,2],[1,3],[4,2],[4,4],[4,5],[5,2],[5,3],[5,5]]",256,1,True,SE,0,-7,72,1
sl6x6_138,12,"[[0,0],[0,1],[0,4],[0,5],[1,0],[1,1],[1,4],[1,5],[4,0],[4,1],[5,0],[5,1]]",256,1,True,SE,0,-9,163,2
sl6x6_139,12,"[[0,0],[0,1],[0,4],[0,5],[1,0],[1,1],[1,4],[1,5],[4,1],[4,2],[5,1],[5,2]]",256,1,True,SE,0,-8,87,1
sl6x6_140,12,"[[0,0],[0,1],[0,4],[0,5],[1,0],[1,1],[1,4],[1,5],[4,2],[4,3],[5,2],[5,3]]",256,1,True,SE,0,-7,257,2
sl6x6_141,12,"[[0,0],[0,1],[0,4],[0,5],[1,0],[1,1],[1,4],[2,5],[3,3],[3,5],[4,3],[4,4]]",240,3,True,SE,0,-3,133,2
sl6x6_142,12,"[[0,0],[0,1],[0,4],[0,5],[1,0],[1,1],[1,5],[2,4],[3,3],[4,2],[5,2],[5,3]]",256,1,True,SE,0,-7,86,1
sl6x6_143,12,"[[0,0],[0,1],[0,4],[0,5],[1,0],[1,2],[1,5],[2,2],[2,4],[3,1],[3,3],[4,2]]",232,1,True,SE,0,-6,71,1
sl6x6_144,12,"[[0,0],[0,1],[0,4],[1,0],[1,3],[1,5],[2,1],[2,3],[2,5],[3,2],[3,4],[4,3]]",224,1,True,SE,0,-5,71,1
sl6x6_145,12,"[[0,0],[0,1],[1,0],[1,1],[1,4],[1,5],[2,4],[2,5],[4,1],[4,2],[5,1],[5,2]]",248,1,True,SE,0,-8,83,1
sl6x6_146,12,"[[0,0],[0,1],[1,0],[1,1],[1,4],[1,5],[2,4],[3,5],[4,2],[4,3],[4,4],[5,2]]",248,1,True,SE,0,-7,81,2
sl6x6_147,12,"[[0,0],[0,1],[1,0],[1,1],[1,4],[1,5],[2,4],[3,5],[4,3],[4,5],[5,3],[5,4]]",248,1,True,SE,0,-6,62,1
sl6x6_148,12,"[[0,0],[0,1],[1,0],[1,1],[1,4],[1,5],[2,5],[3,4],[4,1],[4,3],[5,1],[5,2]]",248,1,True,SE,0,-8,73,1
sl6x6_149,12,"[[0,0],[0,1],[1,0],[1,1],[2,4],[2,5],[3,3],[3,5],[4,2],[4,4],[5,2],[5,3]]",240,1,True,SE,0,-7,85,2
sl6x6_150,12,"[[0,0],[0,1],[1,0],[1,2],[1,4],[1,5],[2,1],[2,2],[2,4],[3,4],[4,4],[4,5]]",240,1,True,SE,0,-5,84,2
sl6x6_151,12,"[[0,0],[0,1],[1,0],[1,2],[1,4],[1,5],[2,2],[2,4],[2,5],[3,2],[4,1],[4,2]]",240,1,True,SE,0,-7,75,1
sl6x6_152,12,"[[0,0],[0,1],[1,0],[1,2],[1,4],[1,5],[2,2],[2,4],[3,1],[3,4],[4,2],[4,3]]",232,1,True,SE,0,-6,80,1
sl6x6_153,12,"[[0,0],[0,1],[1,0],[1,2],[1,4],[1,5],[2,2],[2,4],[3,2],[3,5],[4,3],[4,4]]",232,1,True,SE,0,-5,70,1
sl6x6_154,12,"[[0,0],[0,1],[1,0],[1,2],[2,1],[2,2],[3,3],[3,4],[4,3],[4,5],[5,4],[5,5]]",224,1,True,SE,0,-5,67,1
sl6x6_155,12,"[[0,0],[0,1],[1,0],[1,2],[2,1],[2,3],[3,2],[3,4],[4,3],[4,5],[5,4],[5,5]]",224,44,True,SW,0,-10,46,1
sl6x6_156,12,"[[0,0],[0,1],[1,0],[1,2],[2,2],[3,1],[3,3],[3,4],[4,1],[4,4],[5,2],[5,3]]",224,2,True,SE,0,-6,77,2
sl6x6_157,12,"[[0,0],[0,1],[1,0],[1,2],[2,2],[3,1],[3,3],[3,4],[4,2],[4,5],[5,3],[5,4]]",224,1,True,SE,0,-6,99,2
sl6x6_158,12,"[[0,0],[0,1],[1,0],[1,2],[2,2],[3,1],[3,3],[3,4],[4,2],[4,5],[5,4],[5,5]]",232,2,True,SE,0,-5,79,1
sl6x6_159,12,"[[0,0],[0,1],[1,0],[1,2],[2,3],[3,1],[3,2],[3,4],[4,1],[4,4],[5,2],[5,3]]",224,1,True,SE,0,-7,167,1
sl6x6_160,12,"[[0,0],[0,1],[1,0],[1,3],[2,2],[2,3],[4,2],[4,3],[4,4],[4,5],[5,2],[5,5]]",248,1,True,SE,0,-7,207,2
sl6x6_161,12,"[[0,0],[0,1],[1,1],[1,4],[1,5],[2,0],[2,5],[3,0],[3,1],[3,4],[4,4],[4,5]]",256,1,True,SE,0,-7,64,1
sl6x6_162,12,"[[0,0],[0,1],[1,1],[1,4],[2,1],[2,3],[2,5],[3,0],[3,1],[3,3],[3,5],[4,4]]",240,1,True,SE,0,-7,95,2
sl6x6_163,12,"[[0,0],[0,1],[1,1],[1,5],[2,1],[2,3],[2,4],[2,5],[3,2],[4,3],[5,2],[5,3]]",248,2,True,SE,0,-6,91,2
sl6x6_164,12,"[[0,0],[0,1],[1,1],[2,0],[2,4],[2,5],[3,0],[3,1],[3,5],[4,4],[5,4],[5,5]]",256,1,True,SE,0,-7,64,1
sl6x6_165,12,"[[0,0],[0,1],[1,1],[2,0],[3,0],[3,1],[3,4],[3,5],[4,2],[4,5],[5,2],[5,3]]",240,2,True,SE,0,-6,93,1
sl6x6_166,12,"[[0,0],[0,1],[1,1],[2,0],[3,0],[3,1],[4,2],[4,4],[4,5],[5,2],[5,3],[5,5]]",240,1,True,SE,0,-7,105,1
sl6x6_167,12,"[[0,0],[0,1],[1,1],[2,1],[2,3],[2,4],[3,0],[3,1],[3,3],[4,3],[5,3],[5,4]]",240,1,True,SE,0,-7,87,1
sl6x6_168,12,"[[0,0],[0,1],[1,1],[2,1],[2,3],[2,4],[3,0],[3,1],[3,4],[4,2],[5,2],[5,3]]",232,1,True,SE,0,-7,67,1
sl6x6_169,12,"[[0,1],[0,2],[1,0],[1,2],[2,0],[2,1],[3,4],[3,5],[4,3],[4,5],[5,3],[5,4]]",224,1,True,SE,0,-6,73,1
sl6x6_170,12,"[[0,1],[0,2],[1,0],[1,2],[2,0],[2,2],[2,4],[2,5],[3,1],[3,3],[3,5],[4,2]]",224,1,True,SE,0,-6,110,1
sl6x6_171,12,"[[0,1],[0,2],[1,0],[1,2],[2,0],[3,1],[3,4],[3,5],[4,2],[4,5],[5,3],[5,4]]",224,2,True,SE,0,-5,136,2
sl6x6_172,12,"[[0,1],[0,2],[1,0],[1,3],[2,1],[2,2],[2,4],[3,3],[3,5],[4,3],[4,5],[5,4]]",216,1,True,SE,0,-5,63,1
sl6x6_173,12,"[[0,1],[0,2],[1,0],[1,3],[2,1],[2,2],[2,4],[3,4],[4,1],[4,2],[4,3],[5,1]]",224,1,True,SE,0,-8,116,2
sl6x6_174,12,"[[0,1],[0,2],[1,2],[2,0],[3,0],[3,1],[3,4],[3,5],[4,2],[4,5],[5,2],[5,3]]",232,1,True,SE,0,-7,105,1
sl6x6_175,12,"[[0,2],[0,3],[1,1],[1,4],[2,0],[2,2],[2,3],[2,5],[3,1],[3,4],[4,2],[4,3]]",208,3,True,SE,0,-4,105,1
sl6x6_176,12,"[[0,2],[1,1],[1,3],[2,1],[2,4],[3,0],[3,1],[3,5],[4,2],[4,3],[4,4],[5,2]]",216,1,True,SE,0,-7,81,2
sl6x6_177,13,"[[0,0],[0,1],[0,3],[0,4],[1,0],[1,1],[1,3],[1,5],[2,4],[4,0],[4,1],[5,0],[5,1]]",248,1,True,SE,0,-9,88,2
sl6x6_178,13,"[[0,0],[0,1],[0,3],[0,4],[1,0],[1,1],[1,3],[1,5],[2,4],[4,1],[4,2],[5,1],[5,2]]",248,1,True,SE,0,-8,124,1
sl6x6_179,13,"[[0,0],[0,1],[0,3],[0,4],[1,0],[1,1],[1,3],[1,5],[2,5],[3,4],[4,3],[5,3],[5,4]]",248,1,True,SE,0,-6,78,1
sl6x6_180,13,"[[0,0],[0,1],[0,3],[0,4],[1,0],[1,1],[1,3],[2,4],[3,5],[4,2],[4,3],[4,4],[5,2]]",248,1,True,SE,0,-7,73,1
sl6x6_181,13,"[[0,0],[0,1],[0,3],[0,4],[1,0],[1,1],[1,3],[2,4],[3,5],[4,3],[4,5],[5,3],[5,4]]",248,2,True,SE,0,-5,89,1
sl6x6_182,13,"[[0,0],[0,1],[0,3],[0,4],[1,0],[1,4],[2,1],[2,2],[2,3],[3,3],[3,5],[4,4],[4,5]]",240,2,True,SE,0,-4,226,2
sl6x6_183,13,"[[0,0],[0,1],[0,3],[0,4],[1,1],[1,3],[1,5],[2,0],[2,3],[2,5],[3,0],[3,1],[3,4]]",240,1,True,SE,0,-7,114,2
sl6x6_184,13,"[[0,0],[0,1],[0,3],[0,4],[1,1],[1,3],[1,5],[2,1],[2,3],[2,5],[3,2],[3,4],[4,3]]",224,3,True,SE,0,-3,59,1
sl6x6_185,13,"[[0,0],[0,1],[0,3],[0,4],[1,1],[1,3],[2,0],[2,3],[2,5],[3,0],[3,1],[3,4],[3,5]]",248,1,True,SE,0,-7,85,1
sl6x6_186,13,"[[0,0],[0,1],[0,3],[0,4],[1,1],[1,3],[2,1],[2,3],[3,2],[4,3],[4,4],[4,5],[5,5]]",248,1,True,SE,0,-5,70,1
sl6x6_187,13,"[[0,0],[0,1],[0,3],[0,4],[1,1],[1,3],[2,1],[2,4],[3,0],[3,1],[3,5],[4,4],[4,5]]",256,1,True,SE,0,-7,84,1
sl6x6_188,13,"[[0,0],[0,1],[0,3],[1,0],[1,2],[1,3],[2,4],[2,5],[3,4],[4,2],[4,4],[5,2],[5,3]]",240,1,True,SE,0,-7,92,2
sl6x6_189,13,"[[0,0],[0,1],[0,3],[1,0],[1,2],[1,3],[3,1],[3,2],[3,3],[4,1],[4,4],[5,2],[5,3]]",240,1,True,SE,0,-7,83,1
sl6x6_190,13,"[[0,0],[0,1],[0,3],[1,0],[1,2],[1,3],[3,1],[3,2],[3,3],[4,1],[4,4],[5,3],[5,4]]",248,1,True,SE,0,-7,85,1
sl6x6_191,13,"[[0,0],[0,1],[0,4],[0,5],[1,0],[1,1],[1,4],[2,5],[3,3],[3,5],[4,2],[4,4],[5,3]]",248,1,True,SE,0,-6,62,1
sl6x6_192,13,"[[0,0],[0,1],[0,4],[0,5],[1,0],[1,1],[1,5],[2,4],[3,3],[4,0],[4,2],[5,0],[5,1]]",256,1,True,SE,0,-9,74,1
sl6x6_193,13,"[[0,0],[0,1],[0,4],[0,5],[1,0],[1,1],[1,5],[2,4],[3,3],[4,3],[4,5],[5,4],[5,5]]",256,1,True,SE,0,-5,90,2
sl6x6_194,13,"[[0,0],[0,1],[0,4],[0,5],[1,0],[1,2],[1,5],[2,2],[2,3],[2,4],[3,1],[4,1],[4,2]]",240,1,True,SE,0,-7,86,1
sl6x6_195,13,"[[0,0],[0,1],[0,4],[0,5],[1,0],[1,2],[1,5],[2,2],[2,3],[3,2],[4,3],[5,2],[5,3]]",256,1,True,SE,0,-7,220,2
sl6x6_196,13,"[[0,0],[0,1],[0,4],[0,5],[1,0],[1,2],[1,5],[2,2],[2,3],[3,2],[4,4],[5,3],[5,4]]",256,5,True,SE,0,-2,62,2
sl6x6_197,13,"[[0,0],[0,1],[0,4],[0,5],[1,0],[1,2],[1,5],[2,2],[2,4],[3,1],[3,3],[4,1],[4,2]]",240,1,True,SE,0,-7,79,2
sl6x6_198,13,"[[0,0],[0,1],[0,4],[0,5],[1,0],[1,2],[1,5],[2,3],[2,4],[4,3],[4,4],[5,3],[5,4]]",256,1,True,SE,0,-6,80,1
sl6x6_199,13,"[[0,0],[0,1],[1,0],[1,2],[1,4],[1,5],[2,2],[2,4],[3,1],[3,4],[4,1],[4,3],[5,2]]",240,2,True,SE,0,-6,78,1
sl6x6_200,13,"[[0,0],[0,1],[1,0],[1,2],[1,4],[1,5],[2,2],[2,4],[3,2],[3,5],[4,3],[4,5],[5,4]]",240,1,True,SE,0,-5,111,1
sl6x6_201,13,"[[0,0],[0,1],[1,0],[1,2],[2,2],[3,1],[3,3],[3,4],[4,1],[4,2],[4,5],[5,4],[5,5]]",240,2,True,SE,0,-6,68,1
sl6x6_202,13,"[[0,0],[0,1],[1,0],[1,3],[1,4],[2,2],[2,3],[2,5],[3,5],[4,2],[4,3],[4,4],[5,2]]",240,2,True,SE,0,-6,66,1
sl6x6_203,13,"[[0,0],[0,1],[1,1],[1,4],[1,5],[2,0],[2,4],[3,0],[3,2],[3,4],[4,1],[4,3],[5,2]]",240,1,True,SE,0,-7,81,2
sl6x6_204,13,"[[0,0],[0,1],[1,1],[2,0],[2,4],[2,5],[3,0],[3,1],[3,4],[4,2],[4,4],[5,2],[5,3]]",240,1,True,SE,0,-7,122,2
sl6x6_205,13,"[[0,0],[0,1],[1,1],[2,1],[2,3],[2,4],[3,0],[3,1],[3,3],[4,0],[4,3],[5,1],[5,2]]",232,1,True,SE,0,-8,277,2
sl6x6_206,13,"[[0,0],[0,1],[1,1],[2,1],[2,3],[2,4],[3,0],[3,1],[3,4],[4,0],[4,3],[5,1],[5,2]]",232,2,True,SE,0,-7,98,1
sl6x6_207,13,"[[0,1],[0,2],[1,0],[1,3],[2,1],[2,2],[2,5],[3,2],[3,4],[3,5],[4,2],[5,1],[5,2]]",240,1,True,SE,0,-8,101,1
sl6x6_208,13,"[[0,1],[1,0],[1,2],[1,4],[1,5],[2,1],[2,2],[2,4],[3,4],[4,1],[4,2],[4,3],[5,1]]",240,1,True,SE,0,-8,81,2
sl6x6_209,14,"[[0,0],[0,1],[0,3],[0,4],[1,0],[1,1],[1,3],[1,4],[4,0],[4,1],[4,3],[5,0],[5,2],[5,3]]",264,2,True,SE,0,-8,105,2
sl6x6_210,14,"[[0,0],[0,1],[0,3],[0,4],[1,0],[1,1],[1,3],[1,4],[4,0],[4,2],[4,3],[5,0],[5,1],[5,3]]",264,1,True,SE,0,-9,72,1
sl6x6_211,14,"[[0,0],[0,1],[0,3],[0,4],[1,0],[1,1],[1,3],[1,4],[4,2],[4,3],[4,5],[5,2],[5,4],[5,5]]",264,3,True,SE,0,-5,93,1
sl6x6_212,14,"[[0,0],[0,1],[0,3],[0,4],[1,0],[1,1],[1,3],[1,4],[4,2],[4,4],[4,5],[5,2],[5,3],[5,5]]",264,1,True,SE,0,-7,72,1
sl6x6_213,14,"[[0,0],[0,1],[0,3],[0,4],[1,0],[1,1],[1,3],[1,5],[2,4],[2,5],[4,0],[4,1],[5,0],[5,1]]",256,2,True,SE,0,-8,98,2
sl6x6_214,14,"[[0,0],[0,1],[0,3],[0,4],[1,0],[1,1],[1,3],[1,5],[2,4],[2,5],[4,1],[4,2],[5,1],[5,2]]",248,1,True,SE,0,-8,164,2
sl6x6_215,14,"[[0,0],[0,1],[0,3],[0,4],[1,0],[1,1],[1,3],[1,5],[2,4],[2,5],[4,4],[4,5],[5,4],[5,5]]",248,1,True,SE,0,-5,101,2
sl6x6_216,14,"[[0,0],[0,1],[0,3],[0,4],[1,0],[1,1],[1,3],[1,5],[2,5],[3,4],[4,1],[4,3],[5,1],[5,2]]",248,1,True,SE,0,-8,73,1
sl6x6_217,14,"[[0,0],[0,1],[0,3],[0,4],[1,0],[1,1],[1,3],[2,5],[3,4],[3,5],[4,0],[4,1],[5,0],[5,1]]",264,1,True,SE,0,-9,171,2
sl6x6_218,14,"[[0,0],[0,1],[0,3],[0,4],[1,0],[1,4],[2,1],[2,3],[3,0],[3,1],[3,3],[3,5],[4,4],[4,5]]",256,2,True,SE,0,-6,81,2
sl6x6_219,14,"[[0,0],[0,1],[0,3],[0,4],[1,1],[1,3],[1,4],[2,1],[3,0],[3,1],[4,4],[4,5],[5,4],[5,5]]",264,1,True,SE,0,-7,72,1
sl6x6_220,14,"[[0,0],[0,1],[0,3],[0,4],[1,1],[1,3],[1,4],[2,1],[3,2],[3,3],[3,4],[4,5],[5,4],[5,5]]",248,1,True,SE,0,-5,149,1
sl6x6_221,14,"[[0,0],[0,1],[0,3],[0,4],[1,1],[1,3],[1,5],[2,1],[2,3],[2,5],[3,0],[3,1],[3,3],[3,4]]",240,1,True,SE,0,-7,71,1
sl6x6_222,14,"[[0,0],[0,1],[0,3],[0,4],[1,1],[1,3],[1,5],[2,1],[2,5],[3,0],[3,1],[3,4],[4,4],[4,5]]",256,1,True,SE,0,-7,159,2
sl6x6_223,14,"[[0,0],[0,1],[0,3],[0,4],[1,1],[1,3],[2,1],[2,3],[3,0],[3,1],[3,3],[3,5],[4,4],[4,5]]",256,1,True,SE,0,-7,93,1
sl6x6_224,14,"[[0,0],[0,1],[0,3],[0,4],[1,1],[1,3],[2,1],[2,4],[3,2],[3,4],[4,1],[4,2],[4,4],[4,5]]",256,1,True,SE,0,-7,74,1
sl6x6_225,14,"[[0,0],[0,1],[0,3],[1,0],[1,2],[1,3],[2,4],[2,5],[3,1],[3,2],[3,5],[4,1],[4,3],[4,4]]",240,1,True,SE,0,-7,129,1
sl6x6_226,14,"[[0,0],[0,1],[0,3],[1,0],[1,2],[1,3],[2,4],[2,5],[3,4],[4,1],[4,2],[4,4],[5,1],[5,3]]",248,1,True,SE,0,-8,271,2
sl6x6_227,14,"[[0,0],[0,1],[0,3],[1,0],[1,2],[1,3],[3,1],[3,2],[3,4],[4,0],[4,3],[4,4],[5,0],[5,1]]",256,1,True,SE,0,-9,140,2
sl6x6_228,14,"[[0,0],[0,1],[0,3],[1,0],[1,2],[1,3],[4,0],[4,1],[4,4],[4,5],[5,0],[5,1],[5,4],[5,5]]",272,2,True,SE,0,-8,364,2
sl6x6_229,14,"[[0,0],[0,1],[0,4],[0,5],[1,0],[1,1],[1,4],[1,5],[4,0],[4,1],[4,3],[5,0],[5,2],[5,3]]",272,1,True,SE,0,-9,95,1
sl6x6_230,14,"[[0,0],[0,1],[0,4],[0,5],[1,0],[1,1],[1,4],[1,5],[4,1],[4,2],[4,4],[5,1],[5,3],[5,4]]",272,2,True,SE,0,-7,77,1
sl6x6_231,14,"[[0,0],[0,1],[0,4],[0,5],[1,0],[1,1],[1,4],[2,5],[3,3],[3,5],[4,2],[4,4],[5,2],[5,3]]",256,1,True,SE,0,-7,75,1
sl6x6_232,14,"[[0,0],[0,1],[0,4],[0,5],[1,0],[1,2],[1,5],[2,2],[2,3],[2,4],[3,1],[4,0],[4,2],[5,1]]",248,1,True,SE,0,-8,100,1
sl6x6_233,14,"[[0,0],[0,1],[0,4],[0,5],[1,0],[1,2],[1,5],[2,2],[2,3],[2,4],[3,1],[4,2],[5,1],[5,2]]",256,1,True,SE,0,-8,103,2
sl6x6_234,14,"[[0,0],[0,1],[0,4],[0,5],[1,0],[1,2],[1,5],[2,2],[2,3],[3,1],[4,2],[4,4],[5,3],[5,4]]",256,2,True,SE,0,-5,65,2
sl6x6_235,14,"[[0,0],[0,1],[0,4],[0,5],[1,0],[1,2],[1,5],[2,2],[2,3],[3,2],[4,0],[4,2],[5,0],[5,1]]",256,1,True,SE,0,-9,76,1
sl6x6_236,14,"[[0,0],[0,1],[0,4],[0,5],[1,0],[1,2],[1,5],[2,2],[2,3],[3,2],[4,3],[4,4],[4,5],[5,5]]",256,2,True,SE,0,-4,68,1
sl6x6_237,14,"[[0,0],[0,1],[0,4],[0,5],[1,0],[1,2],[1,5],[2,2],[2,4],[3,1],[3,3],[4,0],[4,2],[5,1]]",248,2,True,SE,0,-7,86,2
sl6x6_238,14,"[[0,0],[0,1],[0,4],[0,5],[1,0],[1,2],[1,5],[2,2],[2,4],[3,1],[3,3],[4,1],[5,0],[5,1]]",256,1,True,SE,0,-9,101,2
sl6x6_239,14,"[[0,0],[0,1],[0,4],[0,5],[1,0],[1,2],[1,5],[2,3],[2,4],[3,1],[3,2],[4,0],[4,2],[5,1]]",248,1,True,SE,0,-8,480,2
sl6x6_240,14,"[[0,0],[0,1],[0,4],[0,5],[1,0],[1,5],[2,1],[2,2],[2,3],[2,4],[4,1],[4,2],[5,1],[5,2]]",256,2,True,SE,0,-7,94,1
sl6x6_241,14,"[[0,0],[0,1],[0,4],[1,0],[1,3],[1,5],[2,1],[2,2],[2,3],[2,5],[3,4],[4,3],[5,3],[5,4]]",248,1,True,SE,0,-6,86,1
sl6x6_242,14,"[[0,0],[0,1],[0,4],[1,0],[1,3],[1,5],[2,1],[2,2],[2,4],[3,2],[4,2],[4,4],[5,3],[5,4]]",248,5,True,SE,0,-2,57,1
sl6x6_243,14,"[[0,0],[0,1],[0,4],[1,0],[1,3],[1,5],[2,1],[2,2],[2,4],[3,3],[4,3],[4,5],[5,4],[5,5]]",248,1,True,SE,0,-5,94,1
sl6x6_244,14,"[[0,0],[0,1],[0,4],[1,0],[1,3],[1,5],[2,1],[2,3],[2,4],[3,2],[4,3],[4,5],[5,4],[5,5]]",248,3,True,SE,0,-3,69,1
sl6x6_245,14,"[[0,0],[0,1],[0,4],[1,0],[1,3],[1,5],[2,2],[2,3],[2,5],[3,4],[4,1],[4,3],[5,1],[5,2]]",248,1,True,SE,0,-8,284,2
sl6x6_246,14,"[[0,0],[0,1],[1,0],[1,2],[1,4],[1,5],[2,1],[2,2],[2,4],[3,4],[4,1],[4,2],[4,3],[5,1]]",248,2,True,SE,0,-7,102,2
sl6x6_247,14,"[[0,0],[0,1],[1,0],[1,2],[1,4],[1,5],[2,2],[2,3],[2,5],[3,1],[4,2],[4,3],[4,4],[5,4]]",248,3,True,SE,0,-4,431,2
sl6x6_248,14,"[[0,0],[0,1],[1,0],[1,2],[1,5],[2,2],[2,3],[2,4],[2,5],[3,1],[4,1],[4,3],[5,2],[5,3]]",248,1,True,SE,0,-7,76,1
sl6x6_249,14,"[[0,0],[0,1],[1,1],[1,4],[1,5],[2,1],[2,3],[2,5],[3,0],[3,1],[3,3],[4,3],[5,3],[5,4]]",256,1,True,SE,0,-7,238,2
sl6x6_250,14,"[[0,0],[0,1],[1,1],[2,1],[2,3],[2,4],[3,0],[3,1],[3,3],[3,5],[4,3],[4,5],[5,3],[5,4]]",240,1,True,SE,0,-7,93,1
sl6x6_251,14,"[[0,1],[0,2],[1,0],[1,2],[1,3],[1,4],[2,0],[2,5],[3,1],[3,2],[3,3],[3,5],[4,3],[4,4]]",224,1,True,SE,0,-6,178,2
sl6x6_252,14,"[[0,1],[0,2],[1,0],[1,2],[2,0],[2,2],[2,4],[2,5],[3,1],[3,2],[3,5],[4,3],[5,3],[5,4]]",232,1,True,SE,0,-6,84,1
sl6x6_253,14,"[[0,1],[0,2],[1,0],[1,2],[2,0],[2,2],[2,4],[2,5],[3,1],[3,3],[3,5],[4,3],[5,2],[5,3]]",232,1,True,SE,0,-7,160,2
sl6x6_254,14,"[[0,1],[0,2],[1,0],[1,2],[2,0],[2,2],[2,4],[2,5],[3,1],[3,3],[3,5],[4,3],[5,3],[5,4]]",232,1,True,SE,0,-6,119,2
sl6x6_255,14,"[[0,1],[0,2],[1,0],[1,2],[2,0],[2,2],[2,4],[3,1],[3,3],[3,5],[4,2],[4,5],[5,3],[5,4]]",224,2,True,SE,0,-5,100,2
sl6x6_256,14,"[[0,1],[0,2],[1,0],[1,2],[2,0],[2,2],[2,4],[3,1],[3,3],[3,5],[4,3],[4,5],[5,3],[5,4]]",224,3,True,SE,0,-4,73,2
sl6x6_257,14,"[[0,1],[0,2],[1,0],[1,2],[2,0],[2,3],[2,4],[3,1],[3,2],[3,5],[4,3],[4,5],[5,3],[5,4]]",224,1,True,SE,0,-6,78,1
sl6x6_258,14,"[[0,1],[0,2],[1,0],[1,2],[2,0],[2,3],[2,4],[3,1],[3,3],[3,5],[4,2],[4,5],[5,3],[5,4]]",224,2,True,SE,0,-5,79,1
sl6x6_259,14,"[[0,1],[0,2],[1,0],[1,3],[2,0],[2,2],[2,4],[3,1],[3,3],[3,5],[4,2],[4,5],[5,3],[5,4]]",224,2,True,SE,0,-5,494,2
sl6x6_260,14,"[[0,1],[0,2],[1,0],[1,3],[2,1],[2,2],[2,4],[3,2],[3,4],[4,1],[4,4],[4,5],[5,1],[5,2]]",240,2,True,SE,0,-7,110,1
sl6x6_261,14,"[[0,1],[0,2],[1,2],[1,5],[2,0],[2,3],[2,4],[2,5],[3,0],[3,1],[3,2],[4,3],[5,2],[5,3]]",240,1,True,SE,0,-7,463,2
sl6x6_262,14,"[[0,1],[0,2],[1,2],[2,0],[2,2],[2,4],[2,5],[3,0],[3,1],[3,3],[3,5],[4,3],[5,3],[5,4]]",240,2,True,SE,0,-6,118,1
sl6x6_263,14,"[[0,2],[0,3],[1,1],[1,3],[2,1],[2,4],[2,5],[3,0],[3,1],[3,5],[4,2],[4,3],[4,4],[5,2]]",224,1,True,SE,0,-7,75,1
sl6x6_264,15,"[[0,0],[0,1],[0,3],[0,4],[1,0],[1,1],[1,3],[1,5],[2,4],[4,0],[4,1],[4,3],[5,0],[5,2],[5,3]]",264,1,True,SE,0,-9,77,1
sl6x6_265,15,"[[0,0],[0,1],[0,3],[0,4],[1,0],[1,1],[1,3],[2,4],[3,5],[4,0],[4,1],[4,4],[4,5],[5,0],[5,1]]",272,2,True,SE,0,-8,98,1
sl6x6_266,15,"[[0,0],[0,1],[0,3],[0,4],[1,0],[1,4],[2,1],[2,2],[2,3],[4,0],[4,2],[4,3],[5,0],[5,1],[5,3]]",264,1,True,SE,0,-9,85,1
sl6x6_267,15,"[[0,0],[0,1],[0,3],[0,4],[1,1],[1,3],[1,5],[2,0],[2,5],[3,0],[3,2],[3,3],[3,4],[4,1],[4,2]]",240,1,True,SE,0,-7,112,1
sl6x6_268,15,"[[0,0],[0,1],[0,3],[0,4],[1,1],[1,3],[2,0],[2,4],[3,1],[3,2],[3,3],[3,5],[4,3],[4,5],[5,4]]",248,1,True,SE,0,-6,183,1
sl6x6_269,15,"[[0,0],[0,1],[0,3],[0,4],[1,1],[1,3],[2,0],[2,4],[3,1],[3,2],[3,3],[4,3],[4,5],[5,4],[5,5]]",256,3,True,SE,0,-4,97,1
sl6x6_270,15,"[[0,0],[0,1],[0,3],[0,4],[1,1],[1,3],[2,1],[2,4],[3,0],[3,1],[3,5],[4,2],[4,3],[4,4],[5,2]]",248,1,True,SE,0,-7,67,1
sl6x6_271,15,"[[0,0],[0,1],[0,3],[1,0],[1,2],[1,3],[2,4],[2,5],[3,1],[3,2],[3,4],[4,1],[4,4],[5,2],[5,3]]",240,2,True,SE,0,-6,88,2
sl6x6_272,15,"[[0,0],[0,1],[0,4],[0,5],[1,0],[1,2],[1,5],[2,1],[2,2],[2,4],[3,3],[4,0],[4,2],[5,0],[5,1]]",256,3,True,SE,0,-7,74,2
sl6x6_273,15,"[[0,0],[0,1],[0,4],[0,5],[1,0],[1,2],[1,5],[2,1],[2,2],[2,4],[3,3],[4,3],[4,5],[5,4],[5,5]]",256,4,True,SE,0,-2,70,1
sl6x6_274,15,"[[0,0],[0,1],[0,4],[0,5],[1,0],[1,2],[1,5],[2,1],[2,3],[2,4],[3,2],[4,0],[4,2],[5,0],[5,1]]",256,1,True,SE,0,-9,321,2
sl6x6_275,15,"[[0,0],[0,1],[0,4],[0,5],[1,0],[1,2],[1,5],[2,1],[2,3],[2,4],[3,2],[4,3],[4,5],[5,4],[5,5]]",256,1,True,SE,0,-5,120,1
sl6x6_276,15,"[[0,0],[0,1],[0,4],[0,5],[1,0],[1,2],[1,5],[2,1],[2,3],[2,4],[3,3],[4,1],[4,3],[5,1],[5,2]]",256,1,True,SE,0,-8,84,1
sl6x6_277,15,"[[0,0],[0,1],[0,4],[0,5],[1,0],[1,2],[1,5],[2,1],[2,3],[2,4],[3,3],[4,3],[4,5],[5,4],[5,5]]",256,1,True,SE,0,-5,126,1
sl6x6_278,15,"[[0,0],[0,1],[0,4],[0,5],[1,0],[1,2],[1,5],[2,2],[2,3],[2,4],[3,1],[4,0],[4,2],[5,1],[5,2]]",256,1,True,SE,0,-8,156,2
sl6x6_279,15,"[[0,0],[0,1],[0,4],[0,5],[1,0],[1,2],[1,5],[2,2],[2,3],[2,4],[3,1],[4,2],[4,3],[4,4],[5,4]]",256,1,True,SE,0,-6,185,2
sl6x6_280,15,"[[0,0],[0,1],[0,4],[0,5],[1,0],[1,2],[1,5],[2,3],[2,4],[4,1],[4,2],[4,3],[4,4],[5,1],[5,4]]",272,2,True,SE,0,-7,169,2
sl6x6_281,15,"[[0,0],[0,1],[0,4],[1,0],[1,3],[1,5],[2,1],[2,2],[2,3],[2,5],[3,4],[4,1],[4,2],[4,3],[5,1]]",248,1,True,SE,0,-8,147,1
sl6x6_282,15,"[[0,0],[0,1],[1,0],[1,2],[1,4],[1,5],[2,2],[2,3],[2,5],[3,1],[4,1],[4,3],[4,4],[5,2],[5,4]]",256,2,True,SE,0,-6,114,2
sl6x6_283,15,"[[0,0],[0,1],[1,0],[1,2],[1,4],[1,5],[2,2],[2,4],[3,1],[3,2],[3,5],[4,3],[4,5],[5,3],[5,4]]",248,1,True,SE,0,-6,96,1
sl6x6_284,15,"[[0,0],[0,1],[1,1],[1,4],[1,5],[2,1],[2,3],[2,5],[3,0],[3,1],[3,3],[4,0],[4,3],[5,1],[5,2]]",248,2,True,SE,0,-7,94,2
sl6x6_285,15,"[[0,1],[0,2],[0,4],[1,0],[1,3],[1,4],[2,0],[2,1],[3,2],[3,3],[3,4],[4,2],[4,5],[5,3],[5,4]]",240,1,True,SE,0,-6,177,2
sl6x6_286,15,"[[0,2],[0,3],[1,1],[1,4],[2,0],[2,2],[2,3],[2,5],[3,0],[3,2],[3,5],[4,1],[4,4],[5,2],[5,3]]",224,2,True,SE,0,-6,109,2
sl6x6_287,16,"[[0,0],[0,1],[0,3],[0,4],[1,0],[1,1],[1,3],[1,4],[3,0],[3,1],[3,3],[3,4],[4,0],[4,1],[4,3],[4,4]]",256,1,True,SE,0,-8,385,2
sl6x6_288,16,"[[0,0],[0,1],[0,3],[0,4],[1,0],[1,1],[1,3],[1,4],[4,0],[4,1],[4,3],[4,4],[5,0],[5,1],[5,3],[5,4]]",272,1,True,SE,0,-9,99,1
sl6x6_289,16,"[[0,0],[0,1],[0,3],[0,4],[1,0],[1,1],[1,3],[1,4],[4,0],[4,1],[4,4],[4,5],[5,0],[5,1],[5,4],[5,5]]",280,4,True,SE,0,-6,72,1
sl6x6_290,16,"[[0,0],[0,1],[0,3],[0,4],[1,0],[1,1],[1,3],[1,4],[4,1],[4,2],[4,4],[4,5],[5,1],[5,2],[5,4],[5,5]]",272,1,True,SE,0,-8,231,2
sl6x6_291,16,"[[0,0],[0,1],[0,3],[0,4],[1,0],[1,1],[1,3],[1,5],[2,3],[2,5],[3,0],[3,1],[3,4],[4,0],[4,2],[4,3]]",248,1,True,SE,0,-8,72,1
sl6x6_292,16,"[[0,0],[0,1],[0,3],[0,4],[1,0],[1,1],[1,3],[1,5],[2,4],[2,5],[4,2],[4,3],[4,4],[4,5],[5,2],[5,5]]",264,1,True,SE,0,-7,133,2
sl6x6_293,16,"[[0,0],[0,1],[0,3],[0,4],[1,0],[1,1],[1,3],[1,5],[2,5],[3,4],[4,0],[4,1],[4,4],[4,5],[5,0],[5,1]]",272,2,True,SE,0,-8,218,2
sl6x6_294,16,"[[0,0],[0,1],[0,3],[0,4],[1,0],[1,1],[1,3],[2,5],[3,4],[3,5],[4,0],[4,1],[4,3],[5,0],[5,2],[5,3]]",264,1,True,SE,0,-9,91,2
sl6x6_295,16,"[[0,0],[0,1],[0,3],[0,4],[1,0],[1,2],[1,3],[1,5],[2,5],[3,1],[3,2],[3,4],[4,1],[4,2],[4,4],[4,5]]",256,1,True,SE,0,-7,82,1
sl6x6_296,16,"[[0,0],[0,1],[0,3],[0,4],[1,0],[1,4],[2,1],[2,2],[3,2],[3,3],[4,0],[4,4],[5,0],[5,1],[5,3],[5,4]]",272,1,True,SE,0,-9,103,1
sl6x6_297,16,"[[0,0],[0,1],[0,3],[0,4],[1,1],[1,3],[1,4],[2,1],[3,0],[3,1],[4,2],[4,3],[4,5],[5,2],[5,4],[5,5]]",264,3,True,SE,0,-5,76,1
sl6x6_298,16,"[[0,0],[0,1],[0,3],[0,4],[1,1],[1,3],[1,5],[2,0],[2,3],[2,5],[3,0],[3,2],[3,4],[4,1],[4,3],[5,2]]",240,1,True,SE,0,-7,157,1
sl6x6_299,16,"[[0,0],[0,1],[0,3],[0,4],[1,1],[1,3],[1,5],[2,0],[2,4],[3,1],[3,2],[3,3],[4,3],[4,5],[5,4],[5,5]]",256,2,True,SE,0,-5,174,1
sl6x6_300,16,"[[0,0],[0,1],[0,3],[0,4],[1,1],[1,3],[1,5],[2,1],[2,5],[3,2],[3,3],[3,4],[4,0],[4,2],[5,0],[5,1]]",256,4,True,SE,0,-6,130,1
sl6x6_301,16,"[[0,0],[0,1],[0,3],[0,4],[1,1],[1,3],[2,0],[2,4],[3,0],[3,2],[3,3],[3,5],[4,1],[4,3],[4,5],[5,4]]",256,1,True,SE,0,-7,82,1
sl6x6_302,16,"[[0,0],[0,1],[0,3],[0,4],[1,1],[1,3],[2,0],[2,4],[3,0],[3,2],[3,3],[3,5],[4,1],[4,4],[5,2],[5,3]]",248,2,True,SE,0,-6,77,2
sl6x6_303,16,"[[0,0],[0,1],[0,3],[0,4],[1,1],[1,3],[2,0],[2,4],[3,0],[3,2],[3,3],[4,1],[4,3],[4,5],[5,4],[5,5]]",264,4,True,SE,0,-4,86,1
sl6x6_304,16,"[[0,0],[0,1],[0,3],[0,4],[1,1],[1,3],[2,1],[2,4],[3,2],[3,4],[4,0],[4,2],[4,4],[4,5],[5,0],[5,1]]",272,2,True,SE,0,-8,143,2
sl6x6_305,16,"[[0,0],[0,1],[0,3],[1,0],[1,2],[1,3],[2,4],[2,5],[3,1],[3,2],[3,4],[4,1],[4,2],[4,5],[5,4],[5,5]]",256,1,True,SE,0,-7,135,1
sl6x6_306,16,"[[0,0],[0,1],[0,3],[1,0],[1,2],[1,3],[2,4],[2,5],[3,1],[3,2],[3,5],[4,0],[4,3],[4,4],[5,0],[5,1]]",256,2,True,SE,0,-8,77,1
sl6x6_307,16,"[[0,0],[0,1],[0,3],[1,0],[1,2],[1,3],[2,4],[2,5],[3,4],[4,0],[4,1],[4,5],[5,0],[5,1],[5,4],[5,5]]",272,1,True,SE,0,-9,135,2
sl6x6_308,16,"[[0,0],[0,1],[0,4],[0,5],[1,0],[1,1],[1,4],[1,5],[4,0],[4,1],[4,4],[4,5],[5,0],[5,1],[5,4],[5,5]]",288,1,True,SE,0,-9,113,1
sl6x6_309,16,"[[0,0],[0,1],[0,4],[0,5],[1,0],[1,1],[1,4],[2,5],[3,4],[3,5],[4,0],[4,1],[4,3],[5,0],[5,2],[5,3]]",272,1,True,SE,0,-9,301,2
sl6x6_310,16,"[[0,0],[0,1],[0,4],[0,5],[1,0],[1,2],[1,5],[2,2],[2,3],[2,4],[3,1],[4,1],[4,3],[4,4],[5,2],[5,4]]",264,1,True,SE,0,-7,82,1
sl6x6_311,16,"[[0,0],[0,1],[0,4],[0,5],[1,0],[1,5],[2,1],[2,2],[2,3],[2,4],[4,1],[4,2],[4,3],[4,4],[5,1],[5,4]]",272,1,True,SE,0,-8,102,1
sl6x6_312,16,"[[0,0],[0,1],[0,4],[1,0],[1,3],[1,5],[2,1],[2,2],[2,5],[3,2],[3,4],[4,1],[4,4],[4,5],[5,1],[5,2]]",264,1,True,SE,0,-8,119,2
sl6x6_313,17,"[[0,0],[0,1],[0,3],[0,4],[1,0],[1,1],[1,3],[1,4],[3,0],[3,1],[3,3],[3,4],[4,0],[4,1],[4,3],[4,5],[5,4]]",264,2,True,SE,0,-7,156,1
sl6x6_314,17,"[[0,0],[0,1],[0,3],[0,4],[1,0],[1,1],[1,3],[1,5],[2,5],[3,4],[4,0],[4,1],[4,3],[5,0],[5,1],[5,3],[5,4]]",272,3,True,SE,0,-7,149,1
sl6x6_315,17,"[[0,0],[0,1],[0,3],[0,4],[1,0],[1,1],[1,3],[2,3],[3,0],[3,1],[3,3],[3,4],[4,0],[4,2],[4,5],[5,3],[5,4]]",264,1,True,SE,0,-8,178,2
sl6x6_316,17,"[[0,0],[0,1],[0,3],[0,4],[1,0],[1,1],[1,3],[2,3],[3,0],[3,1],[3,3],[3,4],[4,0],[4,2],[4,5],[5,4],[5,5]]",272,1,True,SE,0,-8,424,2
sl6x6_317,17,"[[0,0],[0,1],[0,3],[0,4],[1,0],[1,2],[1,3],[1,5],[2,5],[3,1],[3,2],[3,4],[4,0],[4,2],[4,4],[4,5],[5,1]]",264,1,True,SE,0,-8,223,2
sl6x6_318,17,"[[0,0],[0,1],[0,3],[0,4],[1,1],[1,3],[1,4],[2,0],[3,0],[3,2],[3,3],[3,4],[4,1],[4,2],[4,5],[5,4],[5,5]]",264,1,True,SE,0,-7,92,1
sl6x6_319,17,"[[0,0],[0,1],[0,3],[0,4],[1,1],[1,3],[1,4],[2,1],[3,2],[3,3],[3,5],[4,0],[4,2],[4,4],[4,5],[5,0],[5,1]]",272,1,True,SE,0,-9,147,1
sl6x6_320,17,"[[0,0],[0,1],[0,3],[0,4],[1,1],[1,3],[1,5],[2,0],[2,4],[3,0],[3,2],[3,3],[4,1],[4,3],[4,5],[5,4],[5,5]]",264,2,True,SE,0,-6,66,1
sl6x6_321,17,"[[0,0],[0,1],[0,3],[1,0],[1,2],[1,3],[2,4],[2,5],[3,1],[3,2],[3,4],[4,0],[4,2],[4,5],[5,1],[5,4],[5,5]]",264,1,True,SE,0,-8,94,2
sl6x6_322,17,"[[0,0],[0,1],[0,4],[0,5],[1,0],[1,2],[1,5],[2,2],[2,3],[2,4],[3,1],[4,0],[4,3],[4,4],[5,1],[5,2],[5,4]]",272,1,True,SE,0,-8,90,1
sl6x6_323,18,"[[0,0],[0,1],[0,3],[0,4],[1,0],[1,1],[1,3],[1,4],[3,0],[3,1],[3,3],[3,4],[4,0],[4,1],[4,3],[4,5],[5,4],[5,5]]",272,2,True,SE,0,-7,77,1
sl6x6_324,18,"[[0,0],[0,1],[0,3],[0,4],[1,0],[1,1],[1,3],[1,5],[2,3],[2,5],[3,0],[3,1],[3,2],[3,4],[4,0],[4,3],[5,1],[5,2]]",248,2,True,SE,0,-7,95,1
sl6x6_325,18,"[[0,0],[0,1],[0,3],[0,4],[1,0],[1,1],[1,3],[1,5],[2,4],[2,5],[4,0],[4,1],[4,4],[4,5],[5,0],[5,1],[5,4],[5,5]]",280,2,True,SE,0,-8,89,1
sl6x6_326,18,"[[0,0],[0,1],[0,3],[0,4],[1,0],[1,1],[1,3],[1,5],[2,4],[3,0],[3,1],[3,2],[3,3],[4,0],[4,3],[4,5],[5,4],[5,5]]",272,1,True,SE,0,-8,215,1
sl6x6_327,18,"[[0,0],[0,1],[0,3],[0,4],[1,0],[1,2],[1,3],[1,5],[2,5],[3,1],[3,2],[3,4],[4,0],[4,2],[4,4],[4,5],[5,0],[5,1]]",272,1,True,SE,0,-9,117,1
sl6x6_328,18,"[[0,0],[0,1],[0,3],[0,4],[1,1],[1,3],[1,4],[2,1],[3,2],[3,3],[3,4],[4,0],[4,2],[4,5],[5,0],[5,1],[5,4],[5,5]]",280,1,True,SE,0,-9,164,1
sl6x6_329,18,"[[0,0],[0,1],[0,3],[0,4],[1,1],[1,3],[1,5],[2,1],[2,4],[2,5],[3,0],[3,1],[4,2],[4,3],[4,4],[4,5],[5,2],[5,5]]",264,1,True,SE,0,-7,67,1
sl6x6_330,18,"[[0,0],[0,1],[0,3],[1,0],[1,2],[1,3],[2,4],[2,5],[3,1],[3,2],[3,4],[4,0],[4,2],[4,5],[5,0],[5,1],[5,4],[5,5]]",272,1,True,SE,0,-9,115,2
sl6x6_331,18,"[[0,0],[0,1],[0,4],[0,5],[1,0],[1,2],[1,5],[2,2],[2,4],[3,1],[3,3],[4,0],[4,3],[4,5],[5,0],[5,1],[5,4],[5,5]]",288,2,True,SE,0,-8,471,2
